improved,iteration,mean_fit_time,mean_score_time,mean_test_score,param_batch_size,param_hidden_layer_sizes,param_learning_rate_init,params,rank_test_score,split0_test_score,split1_test_score,std_fit_time,std_score_time,std_test_score
True,1,0.10682129859924316,0.0,0.9625531288525712,64,"(4, 1)",0.1,"{'batch_size': 64, 'hidden_layer_sizes': (4, 1), 'learning_rate_init': 0.1}",1,0.9528357588077946,0.9722704988973477,0.028688669204711914,0.0,0.009717370044776574
False,2,0.12937307357788086,0.0,0.9420371016990503,64,"(4, 2)",0.1,"{'batch_size': 64, 'hidden_layer_sizes': (4, 2), 'learning_rate_init': 0.1}",1,0.9264951181760398,0.9575790852220606,0.011255741119384766,0.0,0.015541983523010396
False,3,0.12970328330993652,0.0,0.9144755860022884,64,"(5, 1)",0.1,"{'batch_size': 64, 'hidden_layer_sizes': (5, 1), 'learning_rate_init': 0.1}",1,0.9406848554943545,0.8882663165102219,0.010932207107543945,0.0,0.02620926949206631
False,4,0.1760646104812622,0.0,0.7902680625900446,64,"(4, 1)",0.06897336073024701,"{'batch_size': 64, 'hidden_layer_sizes': (4, 1), 'learning_rate_init': 0.06897336073024701}",1,0.626990101686135,0.9535460234939541,0.035439372062683105,0.0,0.16327796090390956
False,5,0.1611398458480835,0.0,0.9190623417722688,43,"(4, 1)",0.1,"{'batch_size': 43, 'hidden_layer_sizes': (4, 1), 'learning_rate_init': 0.1}",1,0.9498489763109841,0.8882757072335535,0.020522236824035645,0.0,0.030786634538715274
False,6,0.07031846046447754,0.0,-0.0032826834756719547,28,"(4, 1)",0.1,"{'batch_size': 28, 'hidden_layer_sizes': (4, 1), 'learning_rate_init': 0.1}",1,-0.002666975748043754,-0.003898391203300155,0.007812023162841797,0.0,0.0006157077276282006
False,7,0.05137670040130615,0.0,0.44423757489465177,116,"(4, 1)",0.1,"{'batch_size': 116, 'hidden_layer_sizes': (4, 1), 'learning_rate_init': 0.1}",1,0.8884783964033276,-3.2466140240661186e-06,0.020130276679992676,0.0,0.44424082150867583
False,8,0.3493767976760864,0.0,0.4159974574220587,9,"(4, 1)",0.1,"{'batch_size': 9, 'hidden_layer_sizes': (4, 1), 'learning_rate_init': 0.1}",1,0.8927126978716013,-0.06071778302748388,0.08372366428375244,0.0,0.4767152404495426
False,9,0.08594512939453125,0.007813692092895508,0.47170167957373815,64,"(4, 1, 1)",0.1,"{'batch_size': 64, 'hidden_layer_sizes': (4, 1, 1), 'learning_rate_init': 0.1}",1,-0.0009076600908421995,0.9443110192383185,0.023441076278686523,0.007813692092895508,0.47260933966458035
False,10,0.05513036251068115,0.007803559303283691,0.9468344064335743,311,"(4, 1)",0.1,"{'batch_size': 311, 'hidden_layer_sizes': (4, 1), 'learning_rate_init': 0.1}",1,0.9616953396911562,0.9319734731759926,0.008250832557678223,0.007803559303283691,0.014860933257581812
False,11,0.06726610660552979,0.0,0.45296616839217496,64,"(4, 1, 1)",0.1,"{'batch_size': 64, 'hidden_layer_sizes': (4, 1, 1), 'learning_rate_init': 0.1}",1,0.9078593840516598,-0.001927047267309856,0.0108870267868042,0.0,0.4548932156594848
False,12,0.1143043041229248,0.0,0.4594332860312262,45,"(4, 1)",0.1,"{'batch_size': 45, 'hidden_layer_sizes': (4, 1), 'learning_rate_init': 0.1}",1,0.9247650761283582,-0.005898504065905863,0.010671615600585938,0.0,0.46533179009713205
False,13,0.07031798362731934,0.0,0.4853438052656272,64,"(9, 1)",0.1,"{'batch_size': 64, 'hidden_layer_sizes': (9, 1), 'learning_rate_init': 0.1}",1,-0.0008208175075297142,0.9715084280387841,0.03906822204589844,0.0,0.4861646227731569
False,14,0.06885337829589844,0.0,0.4540608460187801,64,"(4, 1)",0.25438273151869994,"{'batch_size': 64, 'hidden_layer_sizes': (4, 1), 'learning_rate_init': 0.25438273151869994}",1,0.9256360546616242,-0.01751436262406414,0.02198028564453125,0.0,0.4715752086428442
False,15,0.07814204692840576,0.007803559303283691,0.47344931555464853,64,"(4, 1, 1)",0.1,"{'batch_size': 64, 'hidden_layer_sizes': (4, 1, 1), 'learning_rate_init': 0.1}",1,0.9513907781381945,-0.004492147028897442,0.01563584804534912,0.007803559303283691,0.47794146258354603
False,16,0.1089022159576416,0.0020017623901367188,-0.0001655192179288445,24,"(4, 1)",0.1,"{'batch_size': 24, 'hidden_layer_sizes': (4, 1), 'learning_rate_init': 0.1}",1,-0.00032930510573181415,-1.7333301258748433e-06,0.025536537170410156,0.0020017623901367188,0.00016378588780296965
False,17,0.08595585823059082,0.0,0.9346907305130593,64,"(4, 1)",0.16560057774930068,"{'batch_size': 64, 'hidden_layer_sizes': (4, 1), 'learning_rate_init': 0.16560057774930068}",1,0.9234445232975466,0.945936937728572,0.007803678512573242,0.0,0.011246207215512727
False,18,0.027389049530029297,0.007813811302185059,-0.0011703600346700815,64,"(4, 1)",0.7601149481420661,"{'batch_size': 64, 'hidden_layer_sizes': (4, 1), 'learning_rate_init': 0.7601149481420661}",1,-3.2656596644642377e-06,-0.002337454409675699,0.003863096237182617,0.007813811302185059,0.0011670943750056173
False,19,0.26351845264434814,0.0,0.4817408942723219,19,"(4, 1)",0.1,"{'batch_size': 19, 'hidden_layer_sizes': (4, 1), 'learning_rate_init': 0.1}",1,-0.0011679859291207073,0.9646497744737645,0.12714111804962158,0.0,0.4829088802014426
False,20,0.12184369564056396,0.0,0.47131710640021146,37,"(4, 1)",0.1,"{'batch_size': 37, 'hidden_layer_sizes': (4, 1), 'learning_rate_init': 0.1}",1,-0.0016450960040677032,0.9442793088044905,0.07495725154876709,0.0,0.4729622024042791
False,21,0.0859382152557373,0.0,0.4574709981242432,64,"(4, 1)",0.271726636392382,"{'batch_size': 64, 'hidden_layer_sizes': (4, 1), 'learning_rate_init': 0.271726636392382}",1,0.9150315569266548,-8.956067816834334e-05,0.023432254791259766,0.0,0.4575605588024116
False,22,0.06562817096710205,0.0,-0.0001922294232075128,64,"(4, 1, 1)",0.1,"{'batch_size': 64, 'hidden_layer_sizes': (4, 1, 1), 'learning_rate_init': 0.1}",1,-1.5691518246985225e-05,-0.00036876732816804036,0.0031288862228393555,0.0,0.00017653790496052757
False,23,0.08312821388244629,0.0,0.9300624968012126,90,"(4, 1)",0.1,"{'batch_size': 90, 'hidden_layer_sizes': (4, 1), 'learning_rate_init': 0.1}",1,0.9044092545847505,0.9557157390176744,0.010624408721923828,0.0,0.025653242216461924
False,24,0.039058804512023926,0.0,0.4718637864539133,243,"(4, 1)",0.1,"{'batch_size': 243, 'hidden_layer_sizes': (4, 1), 'learning_rate_init': 0.1}",1,-1.6829649477578812e-05,0.9437444025573042,0.02344834804534912,0.0,0.4718806161033909
False,25,0.059566617012023926,0.0,0.37334064757661506,64,"(1, 1)",0.1,"{'batch_size': 64, 'hidden_layer_sizes': (1, 1), 'learning_rate_init': 0.1}",1,0.7467575964331846,-7.630127995450486e-05,0.018549799919128418,0.0,0.37341694885656956
False,26,0.0859452486038208,0.0,0.9480587470338272,121,"(4, 1)",0.1,"{'batch_size': 121, 'hidden_layer_sizes': (4, 1), 'learning_rate_init': 0.1}",1,0.9523397769410522,0.9437777171266024,0.007811903953552246,0.0,0.004281029907224898
False,27,0.08051073551177979,0.0,0.9326372735140965,64,"(6, 1)",0.1,"{'batch_size': 64, 'hidden_layer_sizes': (6, 1), 'learning_rate_init': 0.1}",1,0.9097657332464019,0.9555088137817911,0.0132676362991333,0.0,0.022871540267694612
False,28,0.04479336738586426,0.007804989814758301,0.44350526085734965,64,"(4, 1)",0.2065019351686059,"{'batch_size': 64, 'hidden_layer_sizes': (4, 1), 'learning_rate_init': 0.2065019351686059}",1,0.8870664888200219,-5.596710532262961e-05,0.0020987987518310547,0.007804989814758301,0.4435612279626723
False,29,0.1221398115158081,0.0,0.2471806115649794,30,"(4, 1)",0.1,"{'batch_size': 30, 'hidden_layer_sizes': (4, 1), 'learning_rate_init': 0.1}",1,-0.005645544682448378,0.5000067678124072,0.028388381004333496,0.0,0.25282615624742777
False,30,0.2410597801208496,0.0,0.37832381599418313,12,"(4, 1)",0.1,"{'batch_size': 12, 'hidden_layer_sizes': (4, 1), 'learning_rate_init': 0.1}",1,-0.00039031020599855637,0.7570379421943648,0.053556203842163086,0.0,0.3787141262001817
False,31,0.10585618019104004,0.0,0.9589531812420548,56,"(4, 1)",0.1,"{'batch_size': 56, 'hidden_layer_sizes': (4, 1), 'learning_rate_init': 0.1}",1,0.9696736827709699,0.9482326797131398,0.0035483837127685547,0.0,0.010720501528915016
False,32,0.09375309944152832,0.0,0.4876174958756742,110,"(4, 1)",0.1,"{'batch_size': 110, 'hidden_layer_sizes': (4, 1), 'learning_rate_init': 0.1}",1,-0.0002042758592002425,0.9754392676105487,0.04688692092895508,0.0,0.48782177173487445
False,33,0.18954229354858398,0.0,0.8382680320333422,21,"(4, 1)",0.1,"{'batch_size': 21, 'hidden_layer_sizes': (4, 1), 'learning_rate_init': 0.1}",1,0.7752596925432036,0.9012763715234808,0.03772306442260742,0.0,0.06300833949013862
False,34,0.08593928813934326,0.0,0.4823872081037706,64,"(4, 1)",0.05630632952294517,"{'batch_size': 64, 'hidden_layer_sizes': (4, 1), 'learning_rate_init': 0.05630632952294517}",1,-0.0004684854089820334,0.9652429016165233,0.023447155952453613,0.0,0.48285569351275265
False,35,0.053429245948791504,0.0,0.4913990538280568,139,"(4, 1)",0.1,"{'batch_size': 139, 'hidden_layer_sizes': (4, 1), 'learning_rate_init': 0.1}",1,-0.00021793983287721197,0.9830160474889909,0.024687647819519043,0.0,0.49161699366093403
False,36,0.14510178565979004,0.0,0.942763168488518,31,"(4, 1)",0.1,"{'batch_size': 31, 'hidden_layer_sizes': (4, 1), 'learning_rate_init': 0.1}",1,0.9271378708289364,0.9583884661480998,0.004462480545043945,0.0,0.015625297659581705
False,37,0.05468642711639404,0.0,0.8758016102338614,136,"(4, 1)",0.1,"{'batch_size': 136, 'hidden_layer_sizes': (4, 1), 'learning_rate_init': 0.1}",1,0.8302080986211261,0.9213951218465966,0.0078200101852417,0.0,0.045593511612735234
False,38,0.12313151359558105,0.0,0.9291474015632514,53,"(4, 1)",0.1,"{'batch_size': 53, 'hidden_layer_sizes': (4, 1), 'learning_rate_init': 0.1}",1,0.8979719579075848,0.9603228452189181,0.03312849998474121,0.0,0.031175443655666654
False,39,0.04687607288360596,0.0,-0.0022660602898543214,64,"(2, 1)",0.1,"{'batch_size': 64, 'hidden_layer_sizes': (2, 1), 'learning_rate_init': 0.1}",1,-0.003096449106187338,-0.001435671473521305,3.4570693969726562e-06,0.0,0.0008303888163330164
False,40,0.06725549697875977,0.0,0.8645635527770308,64,"(3, 1)",0.1,"{'batch_size': 64, 'hidden_layer_sizes': (3, 1), 'learning_rate_init': 0.1}",1,0.9142941702515016,0.8148329353025602,0.004760026931762695,0.0,0.049730617474470724
False,41,0.167985200881958,0.0,0.8816219259296774,47,"(4, 1)",0.1,"{'batch_size': 47, 'hidden_layer_sizes': (4, 1), 'learning_rate_init': 0.1}",1,0.8554891918731451,0.9077546599862097,0.07421064376831055,0.0,0.026132734056532325
False,42,0.1388721466064453,0.0,0.4496344645043758,64,"(4, 1, 1)",0.1,"{'batch_size': 64, 'hidden_layer_sizes': (4, 1, 1), 'learning_rate_init': 0.1}",1,0.8993940402112808,-0.00012511120252933772,0.0330049991607666,0.0,0.44975957570690506
False,43,0.08594584465026855,0.0,0.9167221937091781,64,"(4, 1)",0.22768268717976428,"{'batch_size': 64, 'hidden_layer_sizes': (4, 1), 'learning_rate_init': 0.22768268717976428}",1,0.9269106289619675,0.9065337584563886,0.023439407348632812,0.0,0.010188435252789452
False,44,0.15564560890197754,0.0,0.9139550728055638,64,"(4, 1, 1)",0.1,"{'batch_size': 64, 'hidden_layer_sizes': (4, 1, 1), 'learning_rate_init': 0.1}",1,0.8506314672687632,0.9772786783423643,0.05724978446960449,0.0,0.06332360553680055
False,45,0.09375166893005371,0.0,0.49025457736877587,64,"(4, 1, 1)",0.1,"{'batch_size': 64, 'hidden_layer_sizes': (4, 1, 1), 'learning_rate_init': 0.1}",1,-0.00041473154687854397,0.9809238862844302,0.04688763618469238,0.0,0.49066930891565436
False,46,0.05260574817657471,0.007813334465026855,-0.0001566162068818988,64,"(4, 1, 1)",0.1,"{'batch_size': 64, 'hidden_layer_sizes': (4, 1, 1), 'learning_rate_init': 0.1}",1,-3.30592278894315e-05,-0.0002801731858743661,0.021351933479309082,0.007813334465026855,0.00012355697899246731
False,47,0.247461199760437,0.0,0.9169142908616624,15,"(4, 1)",0.1,"{'batch_size': 15, 'hidden_layer_sizes': (4, 1), 'learning_rate_init': 0.1}",1,0.8800227963695282,0.9538057853537966,0.04431450366973877,0.0,0.03689149449213419
False,48,0.06249809265136719,0.00780332088470459,-0.0027479813202146985,64,"(29, 1)",0.1,"{'batch_size': 64, 'hidden_layer_sizes': (29, 1), 'learning_rate_init': 0.1}",1,-0.00021112712666049305,-0.005284835513768904,8.821487426757812e-06,0.00780332088470459,0.0025368541935542055
False,49,0.11427319049835205,0.007804274559020996,0.9227875577728897,64,"(4, 1)",0.14282846501677657,"{'batch_size': 64, 'hidden_layer_sizes': (4, 1), 'learning_rate_init': 0.14282846501677657}",1,0.9144739655028066,0.9311011500429728,0.004869818687438965,0.007804274559020996,0.008313592270083103
False,50,0.12934088706970215,0.0,0.921306546225853,64,"(4, 1, 1)",0.1,"{'batch_size': 64, 'hidden_layer_sizes': (4, 1, 1), 'learning_rate_init': 0.1}",1,0.9289013478709114,0.9137117445807945,0.04253578186035156,0.0,0.0075948016450584355
False,51,0.09375417232513428,0.0,0.736632315477584,64,"(4, 1)",0.23136286169041634,"{'batch_size': 64, 'hidden_layer_sizes': (4, 1), 'learning_rate_init': 0.23136286169041634}",1,0.7015170388950942,0.771747592060074,0.03125917911529541,0.0,0.03511527658248992
False,52,0.13232338428497314,0.0,0.9562552762177423,64,"(4, 1)",0.06419050293523976,"{'batch_size': 64, 'hidden_layer_sizes': (4, 1), 'learning_rate_init': 0.06419050293523976}",1,0.9576543633676798,0.9548561890678049,0.026572823524475098,0.0,0.0013990871499374724
False,53,0.0781240463256836,0.0,0.9264968444833165,64,"(4, 5)",0.1,"{'batch_size': 64, 'hidden_layer_sizes': (4, 5), 'learning_rate_init': 0.1}",1,0.9206960091317948,0.9322976798348379,9.775161743164062e-06,0.0,0.005800835351521538
False,54,0.05424821376800537,0.00780332088470459,0.2818220908512137,64,"(1, 1)",0.1,"{'batch_size': 64, 'hidden_layer_sizes': (1, 1), 'learning_rate_init': 0.1}",1,0.5695952047846573,-0.005951023082229946,0.03860199451446533,0.00780332088470459,0.2877731139334436
True,55,0.0988541841506958,0.00780332088470459,0.9683024095387828,73,"(4, 1)",0.1,"{'batch_size': 73, 'hidden_layer_sizes': (4, 1), 'learning_rate_init': 0.1}",1,0.9743778088797336,0.962227010197832,0.005106329917907715,0.00780332088470459,0.0060753993409508045
False,56,0.05468416213989258,0.0,0.47825960917868554,73,"(4, 1)",0.07706749829394427,"{'batch_size': 73, 'hidden_layer_sizes': (4, 1), 'learning_rate_init': 0.07706749829394427}",1,0.9567877960182051,-0.00026857766083421275,0.007804155349731445,0.0,0.47852818683951964
False,57,0.16121387481689453,0.0,0.937774208205246,37,"(4, 1)",0.1,"{'batch_size': 37, 'hidden_layer_sizes': (4, 1), 'learning_rate_init': 0.1}",1,0.9056968812028314,0.9698515352076605,0.041933298110961914,0.0,0.03207732700241456
False,58,0.10657620429992676,0.0,0.4697335989337038,73,"(4, 1, 1)",0.1,"{'batch_size': 73, 'hidden_layer_sizes': (4, 1, 1), 'learning_rate_init': 0.1}",1,-0.0013947810196119903,0.9408619788870196,0.05971169471740723,0.0,0.47112837995331586
False,59,0.039063096046447754,0.0,0.4888796101317642,446,"(4, 1)",0.1,"{'batch_size': 446, 'hidden_layer_sizes': (4, 1), 'learning_rate_init': 0.1}",1,-0.004127667201950569,0.9818868874654788,0.023450732231140137,0.0,0.49300727733371474
False,60,0.06909584999084473,0.0,-0.0014970993310340353,73,"(4, 1, 1)",0.1,"{'batch_size': 73, 'hidden_layer_sizes': (4, 1, 1), 'learning_rate_init': 0.1}",1,-0.0015857709826019306,-0.00140842767946614,0.0222322940826416,0.0,8.867165156789536e-05
False,61,0.039066195487976074,0.0,-0.00026480548010043847,73,"(4, 1, 1)",0.1,"{'batch_size': 73, 'hidden_layer_sizes': (4, 1, 1), 'learning_rate_init': 0.1}",1,-0.0002966541166293801,-0.00023295684357149682,0.007813572883605957,0.0,3.1848636528941654e-05
False,62,0.05968582630157471,0.0,0.46663506363790364,73,"(4, 1)",0.23929924706419908,"{'batch_size': 73, 'hidden_layer_sizes': (4, 1), 'learning_rate_init': 0.23929924706419908}",1,-9.150482112074698e-05,0.933361632096928,0.02844250202178955,0.0,0.4667265684590244
False,63,0.0859445333480835,0.0,0.39616493850263423,42,"(4, 1)",0.1,"{'batch_size': 42, 'hidden_layer_sizes': (4, 1), 'learning_rate_init': 0.1}",1,-0.004754586685334905,0.7970844636906034,0.03906834125518799,0.0,0.40091952518796914
False,64,0.09536516666412354,0.0,0.8420596309746333,73,"(3, 1)",0.1,"{'batch_size': 73, 'hidden_layer_sizes': (3, 1), 'learning_rate_init': 0.1}",1,0.7754674005334494,0.9086518614158174,0.017232537269592285,0.0,0.06659223044118401
False,65,0.08011758327484131,0.0,0.456503451641101,47,"(4, 1)",0.1,"{'batch_size': 47, 'hidden_layer_sizes': (4, 1), 'learning_rate_init': 0.1}",1,0.91301141829466,-4.515012457906309e-06,0.017614006996154785,0.0,0.45650796665355897
False,66,0.06828022003173828,0.0,0.40258215995057706,73,"(1, 1)",0.1,"{'batch_size': 73, 'hidden_layer_sizes': (1, 1), 'learning_rate_init': 0.1}",1,0.8061383013083261,-0.0009739814071720865,0.021380186080932617,0.0,0.4035561413577491
False,67,0.07031166553497314,0.0,0.7963367882874185,68,"(4, 1)",0.1,"{'batch_size': 68, 'hidden_layer_sizes': (4, 1), 'learning_rate_init': 0.1}",1,0.8135640767619972,0.7791094998128398,0.007817387580871582,0.0,0.01722728847457866
False,68,0.051726579666137695,0.0,0.45821140365267055,73,"(4, 1)",0.3074691165990874,"{'batch_size': 73, 'hidden_layer_sizes': (4, 1), 'learning_rate_init': 0.3074691165990874}",1,0.9168866972006431,-0.0004638898953019943,0.0204770565032959,0.0,0.45867529354797254
False,69,0.15453088283538818,0.0,0.9340110674617099,42,"(4, 1)",0.1,"{'batch_size': 42, 'hidden_layer_sizes': (4, 1), 'learning_rate_init': 0.1}",1,0.9381033353823147,0.9299187995411048,0.01734936237335205,0.0,0.004092267920604964
False,70,0.26215803623199463,0.0,-0.00663216756452667,16,"(4, 1)",0.1,"{'batch_size': 16, 'hidden_layer_sizes': (4, 1), 'learning_rate_init': 0.1}",1,-0.0005181870565678093,-0.01274614807248553,0.05039513111114502,0.0,0.0061139805079588605
False,71,0.06250500679016113,0.0,0.4417363120798558,73,"(4, 1, 1)",0.1,"{'batch_size': 73, 'hidden_layer_sizes': (4, 1, 1), 'learning_rate_init': 0.1}",1,0.8838148346441691,-0.0003422104844574836,1.6689300537109375e-06,0.0,0.4420785225643133
False,72,0.02526223659515381,0.0020073652267456055,0.40788777600585013,304,"(4, 1)",0.1,"{'batch_size': 304, 'hidden_layer_sizes': (4, 1), 'learning_rate_init': 0.1}",1,0.8171901462445346,-0.0014145942328342986,0.005976319313049316,0.0020073652267456055,0.40930237023868443
False,73,0.30294370651245117,0.0,0.9637995563059638,73,"(4, 1)",0.0233403013105795,"{'batch_size': 73, 'hidden_layer_sizes': (4, 1), 'learning_rate_init': 0.0233403013105795}",1,0.9408872557943015,0.9867118568176259,0.08774280548095703,0.0,0.022912300511662154
False,74,0.09375345706939697,0.0,0.7772075938824382,73,"(4, 2)",0.1,"{'batch_size': 73, 'hidden_layer_sizes': (4, 2), 'learning_rate_init': 0.1}",1,0.9205820196477841,0.6338331681170924,6.794929504394531e-06,0.0,0.14337442576534581
False,75,0.08012151718139648,0.0,0.9629755998036453,176,"(4, 1)",0.1,"{'batch_size': 176, 'hidden_layer_sizes': (4, 1), 'learning_rate_init': 0.1}",1,0.9750886461913343,0.9508625534159562,0.013637542724609375,0.0,0.012113046387689064
False,76,0.12181568145751953,0.007809996604919434,0.8549031134284102,73,"(4, 1)",0.03355902272164502,"{'batch_size': 73, 'hidden_layer_sizes': (4, 1), 'learning_rate_init': 0.03355902272164502}",1,0.9231758425055643,0.7866303843512562,0.0031986236572265625,0.007809996604919434,0.06827272907715404
False,77,0.0937579870223999,0.0,0.4652177256667176,73,"(4, 1, 1)",0.1,"{'batch_size': 73, 'hidden_layer_sizes': (4, 1, 1), 'learning_rate_init': 0.1}",1,-8.329551681707237e-05,0.9305187468502523,0.03125464916229248,0.0,0.4653010211835346
False,78,0.18673312664031982,0.0,0.9538574352017305,73,"(4, 1)",0.05500256547178435,"{'batch_size': 73, 'hidden_layer_sizes': (4, 1), 'learning_rate_init': 0.05500256547178435}",1,0.9277460303053919,0.979968840098069,0.05805408954620361,0.0,0.026111404896338508
False,79,0.09375894069671631,0.0,0.9272011460705915,73,"(7, 1)",0.1,"{'batch_size': 73, 'hidden_layer_sizes': (7, 1), 'learning_rate_init': 0.1}",1,0.9474764836372558,0.9069258085039272,0.01562654972076416,0.0,0.020275337566664272
False,80,0.08847641944885254,0.0,0.9267183865565869,73,"(3, 1)",0.1,"{'batch_size': 73, 'hidden_layer_sizes': (3, 1), 'learning_rate_init': 0.1}",1,0.9465509441458818,0.9068858289672916,0.01034235954284668,0.0,0.019832557589295086
False,81,0.09092402458190918,0.0,0.8824148826165641,73,"(4, 1)",0.06180154620586075,"{'batch_size': 73, 'hidden_layer_sizes': (4, 1), 'learning_rate_init': 0.06180154620586075}",1,0.9514553173447773,0.8133744478883511,0.0028340816497802734,0.0,0.06904043472821308
False,82,0.03959012031555176,0.0,-0.002124075884420873,73,"(4, 1)",0.9194443762100541,"{'batch_size': 73, 'hidden_layer_sizes': (4, 1), 'learning_rate_init': 0.9194443762100541}",1,-0.0005292166766839301,-0.0037189350921578157,0.008337020874023438,0.0,0.0015948592077369428
False,83,0.12156116962432861,0.0,0.9535479213729235,73,"(6, 1)",0.1,"{'batch_size': 73, 'hidden_layer_sizes': (6, 1), 'learning_rate_init': 0.1}",1,0.9539453362420903,0.9531505065037568,0.04343616962432861,0.0,0.00039741486916677893
False,84,0.23946142196655273,0.0,0.9535513626609623,73,"(4, 1)",0.03423124165192936,"{'batch_size': 73, 'hidden_layer_sizes': (4, 1), 'learning_rate_init': 0.03423124165192936}",1,0.9388736427137003,0.9682290826082243,0.010564088821411133,0.0,0.014677719947261969
False,85,0.1144949197769165,0.007803559303283691,0.9450626116785305,73,"(4, 1, 1)",0.1,"{'batch_size': 73, 'hidden_layer_sizes': (4, 1, 1), 'learning_rate_init': 0.1}",1,0.9375415656643602,0.9525836576927007,0.010517716407775879,0.007803559303283691,0.007521046014170252
False,86,0.20873498916625977,0.0,0.45296564068213585,18,"(4, 1)",0.1,"{'batch_size': 18, 'hidden_layer_sizes': (4, 1), 'learning_rate_init': 0.1}",1,0.9079049349642112,-0.0019736535999395066,0.09934711456298828,0.0,0.45493929428207536
False,87,0.03906881809234619,0.007803201675415039,0.868924757642412,276,"(4, 1)",0.1,"{'batch_size': 276, 'hidden_layer_sizes': (4, 1), 'learning_rate_init': 0.1}",1,0.8162398850576059,0.921609630227218,0.02345740795135498,0.007803201675415039,0.05268487258480603
False,88,0.0837411880493164,0.0,0.9262649521541444,73,"(4, 1)",0.06586343074046568,"{'batch_size': 73, 'hidden_layer_sizes': (4, 1), 'learning_rate_init': 0.06586343074046568}",1,0.9439945583365636,0.9085353459717251,0.005587577819824219,0.0,0.017729606182419255
False,89,0.09375739097595215,0.0,0.3952894187339064,60,"(4, 1)",0.1,"{'batch_size': 60, 'hidden_layer_sizes': (4, 1), 'learning_rate_init': 0.1}",1,-0.015218222574372886,0.8057970600421857,0.03126335144042969,0.0,0.41050764130827927
False,90,0.035114169120788574,0.0,-0.004202510638733115,73,"(4, 1)",0.3806608172908743,"{'batch_size': 73, 'hidden_layer_sizes': (4, 1), 'learning_rate_init': 0.3806608172908743}",1,-0.007993311018868132,-0.00041171025859809696,0.0038694143295288086,0.0,0.003790800380135017
False,91,0.16066288948059082,0.0,0.9404516612121963,73,"(5, 1)",0.1,"{'batch_size': 73, 'hidden_layer_sizes': (5, 1), 'learning_rate_init': 0.1}",1,0.950331010315141,0.9305723121092513,0.042504072189331055,0.0,0.009879349102944857
False,92,0.046872496604919434,0.0,0.4761394737799793,73,"(4, 1)",0.11835860068725146,"{'batch_size': 73, 'hidden_layer_sizes': (4, 1), 'learning_rate_init': 0.11835860068725146}",1,0.9523399190667312,-6.0971506772755646e-05,0.015619397163391113,0.0,0.47620044528675204
False,93,0.08223390579223633,0.0,0.8592105196536056,73,"(4, 1, 1)",0.1,"{'batch_size': 73, 'hidden_layer_sizes': (4, 1, 1), 'learning_rate_init': 0.1}",1,0.9744845650107288,0.7439364742964825,0.004082441329956055,0.0,0.11527404535712316
False,94,0.17630434036254883,0.0,0.8774817256951088,73,"(4, 1, 1)",0.1,"{'batch_size': 73, 'hidden_layer_sizes': (4, 1, 1), 'learning_rate_init': 0.1}",1,0.7911335397138052,0.9638299116764125,0.01121211051940918,0.0,0.08634818598130367
False,95,0.07031059265136719,0.0,0.9391763801119847,134,"(4, 1)",0.1,"{'batch_size': 134, 'hidden_layer_sizes': (4, 1), 'learning_rate_init': 0.1}",1,0.9333781687868731,0.9449745914370966,0.007803916931152344,0.0,0.005798211325111768
False,96,0.0670238733291626,0.0,-0.007277992071750283,73,"(4, 1)",0.23824358746742252,"{'batch_size': 73, 'hidden_layer_sizes': (4, 1), 'learning_rate_init': 0.23824358746742252}",1,-0.004774770963834829,-0.009781213179665738,0.02014315128326416,0.0,0.0025032211079154547
False,97,0.07812631130218506,0.0,0.8797105026761628,73,"(4, 2)",0.1,"{'batch_size': 73, 'hidden_layer_sizes': (4, 2), 'learning_rate_init': 0.1}",1,0.7818182074418035,0.9776027979105222,4.649162292480469e-06,0.0,0.09789229523435934
False,98,0.0901418924331665,0.0,0.48698079487921403,73,"(20, 1)",0.1,"{'batch_size': 73, 'hidden_layer_sizes': (20, 1), 'learning_rate_init': 0.1}",1,0.9757641358939906,-0.0018025461355624106,0.011989235877990723,0.0,0.4887833410147765
False,99,0.07831394672393799,0.0,0.8691067240133629,73,"(4, 2)",0.1,"{'batch_size': 73, 'hidden_layer_sizes': (4, 2), 'learning_rate_init': 0.1}",1,0.934618862673411,0.8035945853533146,0.00018084049224853516,0.0,0.06551213866004818
True,100,0.14554321765899658,0.0,0.9707213044023085,73,"(4, 1)",0.02880757024314355,"{'batch_size': 73, 'hidden_layer_sizes': (4, 1), 'learning_rate_init': 0.02880757024314355}",1,0.9594693584927461,0.9819732503118709,0.004903912544250488,0.0,0.011251945909562413
False,101,0.19327807426452637,0.0,0.9275902731178474,73,"(4, 1, 1)",0.02880757024314355,"{'batch_size': 73, 'hidden_layer_sizes': (4, 1, 1), 'learning_rate_init': 0.02880757024314355}",1,0.9808845837737111,0.8742959624619835,0.09952449798583984,0.0,0.05329431065586382
False,102,0.24841833114624023,0.0,0.9667227271051728,41,"(4, 1)",0.02880757024314355,"{'batch_size': 41, 'hidden_layer_sizes': (4, 1), 'learning_rate_init': 0.02880757024314355}",1,0.9486294895052939,0.9848159647050518,0.014019012451171875,0.0,0.018093237599878964
False,103,0.34064602851867676,0.0,0.9550157840008519,73,"(4, 1)",0.011666258413901844,"{'batch_size': 73, 'hidden_layer_sizes': (4, 1), 'learning_rate_init': 0.011666258413901844}",1,0.9237044875105699,0.9863270804911337,0.01878070831298828,0.0,0.031311296490281915
False,104,0.12901365756988525,0.0,0.9614040185924914,73,"(4, 1)",0.08709113308488735,"{'batch_size': 73, 'hidden_layer_sizes': (4, 1), 'learning_rate_init': 0.08709113308488735}",1,0.9415884969455288,0.9812195402394542,0.011620402336120605,0.0,0.019815521646962708
False,105,0.3009769916534424,0.0,0.9635679984885672,45,"(4, 1)",0.02880757024314355,"{'batch_size': 45, 'hidden_layer_sizes': (4, 1), 'learning_rate_init': 0.02880757024314355}",1,0.9425444019614316,0.9845915950157026,0.06658315658569336,0.0,0.02102359652713548
True,106,0.10638368129730225,0.0,0.9793394137810654,73,"(4, 4)",0.02880757024314355,"{'batch_size': 73, 'hidden_layer_sizes': (4, 4), 'learning_rate_init': 0.02880757024314355}",1,0.9843680827834844,0.9743107447786467,0.0030077695846557617,0.0,0.005028669002418883
False,107,0.0896984338760376,0.0,0.9660545264898914,258,"(4, 4)",0.02880757024314355,"{'batch_size': 258, 'hidden_layer_sizes': (4, 4), 'learning_rate_init': 0.02880757024314355}",1,0.9445973859367318,0.987511667043051,0.01156604290008545,0.0,0.021457140553159615
False,108,0.1463993787765503,0.0,0.9572163172363344,73,"(4, 1)",0.02880757024314355,"{'batch_size': 73, 'hidden_layer_sizes': (4, 1), 'learning_rate_init': 0.02880757024314355}",1,0.9535610465314506,0.9608715879412183,0.02137887477874756,0.0,0.0036552707048838617
True,109,0.1605931520462036,0.0,0.989720759884315,73,"(4, 27)",0.02880757024314355,"{'batch_size': 73, 'hidden_layer_sizes': (4, 27), 'learning_rate_init': 0.02880757024314355}",1,0.9880627837897177,0.9913787359789124,0.004327178001403809,0.0,0.0016579760945973354
False,110,0.2865264415740967,0.007813215255737305,0.981308580586905,73,"(4, 150)",0.02880757024314355,"{'batch_size': 73, 'hidden_layer_sizes': (4, 150), 'learning_rate_init': 0.02880757024314355}",1,0.9790915366504379,0.9835256245233722,0.010379791259765625,0.007813215255737305,0.0022170439364671557
False,111,0.10537195205688477,0.0,0.9707332204820847,247,"(4, 27)",0.02880757024314355,"{'batch_size': 247, 'hidden_layer_sizes': (4, 27), 'learning_rate_init': 0.02880757024314355}",1,0.9525506485811693,0.9889157923830002,0.02724599838256836,0.0,0.018182571900915434
False,112,0.17576098442077637,0.0,0.9746651101167733,73,"(4, 34)",0.02880757024314355,"{'batch_size': 73, 'hidden_layer_sizes': (4, 34), 'learning_rate_init': 0.02880757024314355}",1,0.9530523809972896,0.9962778392362569,0.05075693130493164,0.0,0.021612729119483642
False,113,0.15203654766082764,0.00781393051147461,0.8963111089739149,73,"(4, 27, 4)",0.02880757024314355,"{'batch_size': 73, 'hidden_layer_sizes': (4, 27, 4), 'learning_rate_init': 0.02880757024314355}",1,0.9691556733047983,0.823466544643031,0.07391154766082764,0.00781393051147461,0.07284456433088365
False,114,0.12896335124969482,0.0,0.9745677653156177,73,"(4, 27)",0.046547592482435084,"{'batch_size': 73, 'hidden_layer_sizes': (4, 27), 'learning_rate_init': 0.046547592482435084}",1,0.9860619636874239,0.9630735669438116,0.011657118797302246,0.0,0.011494198371806152
False,115,0.10470056533813477,0.0,0.9860762952056231,345,"(4, 27)",0.02880757024314355,"{'batch_size': 345, 'hidden_layer_sizes': (4, 27), 'learning_rate_init': 0.02880757024314355}",1,0.9830686608601306,0.9890839295511158,0.004627704620361328,0.0,0.0030076343454926158
False,116,0.05469191074371338,0.0,0.8475236562778559,156,"(4, 27)",0.02880757024314355,"{'batch_size': 156, 'hidden_layer_sizes': (4, 27), 'learning_rate_init': 0.02880757024314355}",1,0.9778041251571138,0.7172431873985978,0.02344214916229248,0.0,0.13028046887925798
True,117,0.1519380807876587,0.0,0.992614092694498,73,"(4, 15)",0.02880757024314355,"{'batch_size': 73, 'hidden_layer_sizes': (4, 15), 'learning_rate_init': 0.02880757024314355}",1,0.9940283789528898,0.9911998064361063,0.01995551586151123,0.0,0.0014142862583917393
False,118,0.23047196865081787,0.00781393051147461,0.9705149358748387,73,"(4, 15, 4)",0.02880757024314355,"{'batch_size': 73, 'hidden_layer_sizes': (4, 15, 4), 'learning_rate_init': 0.02880757024314355}",1,0.9636066423960936,0.9774232293535838,0.04295194149017334,0.00781393051147461,0.006908293478745109
False,119,0.08594012260437012,0.007807016372680664,0.9878155135592668,144,"(4, 15)",0.02880757024314355,"{'batch_size': 144, 'hidden_layer_sizes': (4, 15), 'learning_rate_init': 0.02880757024314355}",1,0.9785074993804316,0.9971235277381021,0.0234372615814209,0.007807016372680664,0.009308014178835256
False,120,0.14310014247894287,0.007802009582519531,0.9863648710289843,73,"(4, 12)",0.02880757024314355,"{'batch_size': 73, 'hidden_layer_sizes': (4, 12), 'learning_rate_init': 0.02880757024314355}",1,0.9898091342666184,0.9829206077913503,0.022847533226013184,0.007802009582519531,0.003444263237634082
False,121,0.23075330257415771,0.0,0.9584141432099588,73,"(4, 15, 4)",0.02880757024314355,"{'batch_size': 73, 'hidden_layer_sizes': (4, 15, 4), 'learning_rate_init': 0.02880757024314355}",1,0.9569923078707158,0.9598359785492019,0.0036400556564331055,0.0,0.0014218353392430605
False,122,0.1523759365081787,0.0,0.9882981478879613,73,"(4, 15)",0.016644756362078933,"{'batch_size': 73, 'hidden_layer_sizes': (4, 15), 'learning_rate_init': 0.016644756362078933}",1,0.983391073380876,0.9932052223950466,0.027384281158447266,0.0,0.0049070745070853294
False,123,0.15546810626983643,0.007804989814758301,0.9908127971782152,73,"(4, 15)",0.014604436166220109,"{'batch_size': 73, 'hidden_layer_sizes': (4, 15), 'learning_rate_init': 0.014604436166220109}",1,0.9900775451912315,0.9915480491651991,0.016421198844909668,0.007804989814758301,0.0007352519869838203
False,124,0.18365371227264404,0.0,0.9929437008898422,73,"(4, 15)",0.015583499193579878,"{'batch_size': 73, 'hidden_layer_sizes': (4, 15), 'learning_rate_init': 0.015583499193579878}",1,0.9932710163852361,0.9926163853944483,0.0430217981338501,0.0,0.0003273154953938872
False,125,0.12902510166168213,0.0,0.9883102213250636,98,"(4, 15)",0.02880757024314355,"{'batch_size': 98, 'hidden_layer_sizes': (4, 15), 'learning_rate_init': 0.02880757024314355}",1,0.9918925450668938,0.9847278975832335,0.0352708101272583,0.0,0.0035823237418301512
False,126,0.15237581729888916,0.0,0.9860933659502731,69,"(4, 15)",0.02880757024314355,"{'batch_size': 69, 'hidden_layer_sizes': (4, 15), 'learning_rate_init': 0.02880757024314355}",1,0.9869385772860233,0.9852481546145226,0.0429912805557251,0.0,0.0008452113357503288
False,127,0.07813262939453125,0.0,0.8574426322201715,73,"(4, 15)",0.18293202870335973,"{'batch_size': 73, 'hidden_layer_sizes': (4, 15), 'learning_rate_init': 0.18293202870335973}",1,0.9663877870576145,0.7484974773827284,0.031252145767211914,0.0,0.10894515483744305
False,128,0.10516941547393799,0.0,0.988715388600087,73,"(4, 15)",0.035293837524171534,"{'batch_size': 73, 'hidden_layer_sizes': (4, 15), 'learning_rate_init': 0.035293837524171534}",1,0.990832338802886,0.9865984383972879,0.004217982292175293,0.0,0.0021169502027990617
False,129,0.09375882148742676,0.0,0.9417786174718338,73,"(2, 15)",0.02880757024314355,"{'batch_size': 73, 'hidden_layer_sizes': (2, 15), 'learning_rate_init': 0.02880757024314355}",1,0.9097948827872819,0.9737623521563857,0.031255245208740234,0.0,0.0319837346845519
False,130,0.1423478126525879,0.007813096046447754,0.9919874015565536,73,"(5, 15)",0.02880757024314355,"{'batch_size': 73, 'hidden_layer_sizes': (5, 15), 'learning_rate_init': 0.02880757024314355}",1,0.9913993115610349,0.9925754915520723,0.03739762306213379,0.007813096046447754,0.0005880899955186814
False,131,0.10576272010803223,0.0,0.971204196152166,73,"(4, 15)",0.10133249973718779,"{'batch_size': 73, 'hidden_layer_sizes': (4, 15), 'learning_rate_init': 0.10133249973718779}",1,0.9676613876064502,0.974747004697882,0.012006044387817383,0.0,0.0035428085457159253
False,132,0.16023266315460205,0.0,0.9915987148936108,67,"(4, 15)",0.02880757024314355,"{'batch_size': 67, 'hidden_layer_sizes': (4, 15), 'learning_rate_init': 0.02880757024314355}",1,0.989545589729857,0.9936518400573648,0.019603848457336426,0.0,0.002053125163753944
False,133,0.1611090898513794,0.0,0.9880125572581044,73,"(4, 15, 4)",0.02880757024314355,"{'batch_size': 73, 'hidden_layer_sizes': (4, 15, 4), 'learning_rate_init': 0.02880757024314355}",1,0.9881157240296353,0.9879093904865737,0.010779261589050293,0.0,0.0001031667715308271
False,134,0.21491992473602295,0.0,0.9883204643059714,73,"(4, 15, 4)",0.02880757024314355,"{'batch_size': 73, 'hidden_layer_sizes': (4, 15, 4), 'learning_rate_init': 0.02880757024314355}",1,0.9896406230229927,0.9870003055889504,0.04303133487701416,0.0,0.0013201587170211804
False,135,0.16208064556121826,0.0,0.9701776912406269,73,"(4, 1)",0.02880757024314355,"{'batch_size': 73, 'hidden_layer_sizes': (4, 1), 'learning_rate_init': 0.02880757024314355}",1,0.956796259661823,0.9835591228194306,0.052716851234436035,0.0,0.013381431578803782
False,136,0.16062748432159424,0.0,0.9876887784383275,63,"(4, 15)",0.02880757024314355,"{'batch_size': 63, 'hidden_layer_sizes': (4, 15), 'learning_rate_init': 0.02880757024314355}",1,0.9898663398964515,0.9855112169802036,0.035625576972961426,0.0,0.002177561458123922
False,137,0.10562396049499512,0.0,0.9814823702673966,73,"(4, 15)",0.0909656780182336,"{'batch_size': 73, 'hidden_layer_sizes': (4, 15), 'learning_rate_init': 0.0909656780182336}",1,0.9770726686297009,0.9858920719050926,0.027494430541992188,0.0,0.004409701637695884
False,138,0.1837695837020874,0.0,0.989776904626282,50,"(4, 15)",0.02880757024314355,"{'batch_size': 50, 'hidden_layer_sizes': (4, 15), 'learning_rate_init': 0.02880757024314355}",1,0.9880047188047085,0.9915490904478554,0.05874979496002197,0.0,0.0017721858215734576
False,139,0.10542845726013184,0.0,0.8354851146658937,73,"(4, 15)",0.13775721261275198,"{'batch_size': 73, 'hidden_layer_sizes': (4, 15), 'learning_rate_init': 0.13775721261275198}",1,0.9475039647446701,0.7234662645871173,0.011672258377075195,0.0,0.11201885007877643
False,140,0.15998196601867676,0.0,0.9901215348088633,84,"(4, 15)",0.02880757024314355,"{'batch_size': 84, 'hidden_layer_sizes': (4, 15), 'learning_rate_init': 0.02880757024314355}",1,0.9887850573339689,0.9914580122837577,0.011905908584594727,0.0,0.0013364774748944042
False,141,0.12093448638916016,0.0,0.9896001409654506,73,"(4, 22)",0.02880757024314355,"{'batch_size': 73, 'hidden_layer_sizes': (4, 22), 'learning_rate_init': 0.02880757024314355}",1,0.9909201883956471,0.9882800935352539,0.019713640213012695,0.0,0.0013200474301965914
False,142,0.1288367509841919,0.0,0.9885232737186503,234,"(4, 15)",0.02880757024314355,"{'batch_size': 234, 'hidden_layer_sizes': (4, 15), 'learning_rate_init': 0.02880757024314355}",1,0.9922074057252449,0.9848391417120557,0.011802077293395996,0.0,0.0036841320065946204
False,143,0.1911790370941162,0.0,0.9834819436252139,73,"(4, 15)",0.019529273721831053,"{'batch_size': 73, 'hidden_layer_sizes': (4, 15), 'learning_rate_init': 0.019529273721831053}",1,0.9821071665301179,0.9848567207203099,0.01928853988647461,0.0,0.0013747770950960359
False,144,0.16134130954742432,0.0,0.9065827432503198,51,"(4, 15)",0.02880757024314355,"{'batch_size': 51, 'hidden_layer_sizes': (4, 15), 'learning_rate_init': 0.02880757024314355}",1,0.8204156707184026,0.992749815782237,0.036328911781311035,0.0,0.08616707253191719
False,145,0.175864577293396,0.0,0.9896289047593666,50,"(4, 15)",0.02880757024314355,"{'batch_size': 50, 'hidden_layer_sizes': (4, 15), 'learning_rate_init': 0.02880757024314355}",1,0.9876638387480383,0.9915939707706947,0.05085146427154541,0.0,0.001965066011328176
False,146,0.18362641334533691,0.0,0.9678255825915454,73,"(4, 15, 4)",0.02880757024314355,"{'batch_size': 73, 'hidden_layer_sizes': (4, 15, 4), 'learning_rate_init': 0.02880757024314355}",1,0.9877903065439156,0.947860858639175,0.003891468048095703,0.0,0.01996472395237031
False,147,0.1229407787322998,0.0,0.9849348535468307,73,"(4, 15)",0.02445938924292774,"{'batch_size': 73, 'hidden_layer_sizes': (4, 15), 'learning_rate_init': 0.02445938924292774}",1,0.9851795055045421,0.9846902015891191,0.01768183708190918,0.0,0.00024465195771150583
False,148,0.334067702293396,0.0,0.9903605594516451,73,"(4, 15)",0.00892047401600491,"{'batch_size': 73, 'hidden_layer_sizes': (4, 15), 'learning_rate_init': 0.00892047401600491}",1,0.9915198739762722,0.9892012449270181,0.025347590446472168,0.0,0.0011593145246270309
False,149,0.15221011638641357,0.0,0.9864089044019769,73,"(4, 15)",0.043822002369280466,"{'batch_size': 73, 'hidden_layer_sizes': (4, 15), 'learning_rate_init': 0.043822002369280466}",1,0.9851941110328076,0.9876236977711461,0.01156771183013916,0.0,0.0012147933691692425
False,150,0.1366661787033081,0.0,0.9846719592570115,73,"(4, 15, 4)",0.02880757024314355,"{'batch_size': 73, 'hidden_layer_sizes': (4, 15, 4), 'learning_rate_init': 0.02880757024314355}",1,0.9874262840586412,0.9819176344553816,0.0039719343185424805,0.0,0.0027543248016297928
False,151,0.12369704246520996,0.0,0.9032596190896566,73,"(4, 3)",0.02880757024314355,"{'batch_size': 73, 'hidden_layer_sizes': (4, 3), 'learning_rate_init': 0.02880757024314355}",1,0.8243781015394103,0.9821411366399027,0.04556775093078613,0.0,0.0788815175502462
False,152,0.14443528652191162,0.0,0.9858432597744365,73,"(9, 15)",0.02880757024314355,"{'batch_size': 73, 'hidden_layer_sizes': (9, 15), 'learning_rate_init': 0.02880757024314355}",1,0.9813033668517934,0.9903831526970795,0.011829972267150879,0.0,0.004539892922643063
False,153,0.17579925060272217,0.0,0.9851657133558122,73,"(4, 15, 4)",0.02880757024314355,"{'batch_size': 73, 'hidden_layer_sizes': (4, 15, 4), 'learning_rate_init': 0.02880757024314355}",1,0.9838746577632791,0.9864567689483451,0.003936171531677246,0.0,0.001291055592533008
False,154,0.054704904556274414,0.0,0.808394892994052,73,"(1, 15)",0.02880757024314355,"{'batch_size': 73, 'hidden_layer_sizes': (1, 15), 'learning_rate_init': 0.02880757024314355}",1,0.8059369939182636,0.8108527920698403,0.02342844009399414,0.0,0.002457899075788361
False,155,0.06669235229492188,0.007803559303283691,0.9516044312492471,73,"(4, 15)",0.18147207802251475,"{'batch_size': 73, 'hidden_layer_sizes': (4, 15), 'learning_rate_init': 0.18147207802251475}",1,0.9638381785145057,0.9393706839839888,0.004191875457763672,0.007803559303283691,0.012233747265258443
False,156,0.20793330669403076,0.0,0.9773768629477406,73,"(4, 15, 4)",0.02880757024314355,"{'batch_size': 73, 'hidden_layer_sizes': (4, 15, 4), 'learning_rate_init': 0.02880757024314355}",1,0.9879435427030737,0.9668101831924073,0.05168020725250244,0.0,0.010566679755333208
False,157,0.1444622278213501,0.0,0.9922051712004711,73,"(12, 15)",0.02880757024314355,"{'batch_size': 73, 'hidden_layer_sizes': (12, 15), 'learning_rate_init': 0.02880757024314355}",1,0.9901740308997102,0.9942363115012318,0.0038303136825561523,0.0,0.0020311403007607916
False,158,0.12916040420532227,0.0,0.9775683573211028,73,"(4, 7)",0.02880757024314355,"{'batch_size': 73, 'hidden_layer_sizes': (4, 7), 'learning_rate_init': 0.02880757024314355}",1,0.9873710384883583,0.9677656761538473,0.011474370956420898,0.0,0.009802681167255467
False,159,0.09375929832458496,0.0,0.9611484596458874,73,"(4, 15)",0.04387303680023808,"{'batch_size': 73, 'hidden_layer_sizes': (4, 15), 'learning_rate_init': 0.04387303680023808}",1,0.9558366971206799,0.9664602221710947,0.015633583068847656,0.0,0.005311762525207431
False,160,0.14177727699279785,0.0,0.9864083142129452,73,"(4, 13)",0.02880757024314355,"{'batch_size': 73, 'hidden_layer_sizes': (4, 13), 'learning_rate_init': 0.02880757024314355}",1,0.9901579810031367,0.9826586474227538,0.03822684288024902,0.0,0.0037496667901914527
False,161,0.144561767578125,0.0,0.9651475546956486,73,"(3, 15)",0.02880757024314355,"{'batch_size': 73, 'hidden_layer_sizes': (3, 15), 'learning_rate_init': 0.02880757024314355}",1,0.9413072620386559,0.9889878473526412,0.035169124603271484,0.0,0.023840292656992668
False,162,0.19159042835235596,0.0,0.9729854471744398,73,"(4, 15, 4)",0.02880757024314355,"{'batch_size': 73, 'hidden_layer_sizes': (4, 15, 4), 'learning_rate_init': 0.02880757024314355}",1,0.959052985011549,0.9869179093373308,0.011547684669494629,0.0,0.013932462162890902
False,163,0.1522914171218872,0.0,0.9925001606546535,73,"(4, 15)",0.01681889652124919,"{'batch_size': 73, 'hidden_layer_sizes': (4, 15), 'learning_rate_init': 0.01681889652124919}",1,0.9926002664779291,0.9924000548313782,0.027276158332824707,0.0,0.0001001058232754648
False,164,0.24642229080200195,0.0,0.9889831362983507,73,"(4, 15)",0.006617870199968319,"{'batch_size': 73, 'hidden_layer_sizes': (4, 15), 'learning_rate_init': 0.006617870199968319}",1,0.9867947706811646,0.9911715019155367,0.01202249526977539,0.0,0.00218836561718605
False,165,0.2167140245437622,0.0,0.9894853948258239,57,"(4, 15)",0.02880757024314355,"{'batch_size': 57, 'hidden_layer_sizes': (4, 15), 'learning_rate_init': 0.02880757024314355}",1,0.9918124037550151,0.9871583858966327,0.029197096824645996,0.0,0.0023270089291911877
False,166,0.17751455307006836,0.007807254791259766,0.9745713605596249,73,"(4, 15, 4)",0.02880757024314355,"{'batch_size': 73, 'hidden_layer_sizes': (4, 15, 4), 'learning_rate_init': 0.02880757024314355}",1,0.97757519239365,0.9715675287255999,0.03685569763183594,0.007807254791259766,0.003003831834025028
False,167,0.11966311931610107,0.0,0.9820043796535866,84,"(4, 15)",0.02880757024314355,"{'batch_size': 84, 'hidden_layer_sizes': (4, 15), 'learning_rate_init': 0.02880757024314355}",1,0.9799625344939705,0.9840462248132028,0.005366206169128418,0.0,0.00204184515961614
False,168,0.160070538520813,0.0,0.9917175490005462,73,"(4, 15)",0.022166678834560277,"{'batch_size': 73, 'hidden_layer_sizes': (4, 15), 'learning_rate_init': 0.022166678834560277}",1,0.9931018339554091,0.9903332640456831,0.01180422306060791,0.0,0.00138428495486298
False,169,0.5769373178482056,0.0,0.9695252447785789,14,"(4, 15)",0.02880757024314355,"{'batch_size': 14, 'hidden_layer_sizes': (4, 15), 'learning_rate_init': 0.02880757024314355}",1,0.9800232142903517,0.9590272752668063,0.01687014102935791,0.0,0.010497969511772676
False,170,0.07031416893005371,0.0,0.9549593448677343,156,"(4, 15)",0.02880757024314355,"{'batch_size': 156, 'hidden_layer_sizes': (4, 15), 'learning_rate_init': 0.02880757024314355}",1,0.9364943077675009,0.9734243819679675,0.007807254791259766,0.0,0.018465037100233336
False,171,0.1840834617614746,0.0,0.9857624482644284,55,"(4, 15)",0.02880757024314355,"{'batch_size': 55, 'hidden_layer_sizes': (4, 15), 'learning_rate_init': 0.02880757024314355}",1,0.9793904222972518,0.992134474231605,0.003438711166381836,0.0,0.0063720259671765644
True,172,0.2851036787033081,0.0,0.9936814849045968,73,"(4, 15)",0.007560007718740689,"{'batch_size': 73, 'hidden_layer_sizes': (4, 15), 'learning_rate_init': 0.007560007718740689}",1,0.9937436939775977,0.9936192758315958,0.06633031368255615,0.0,6.220907300091838e-05
False,173,0.23044323921203613,0.0,0.9921522169695051,107,"(4, 15)",0.007560007718740689,"{'batch_size': 107, 'hidden_layer_sizes': (4, 15), 'learning_rate_init': 0.007560007718740689}",1,0.991297972724411,0.993006461214599,0.00396418571472168,0.0,0.0008542442450940047
False,174,0.18481647968292236,0.0,0.9105482269901193,1069,"(4, 15)",0.007560007718740689,"{'batch_size': 1069, 'hidden_layer_sizes': (4, 15), 'learning_rate_init': 0.007560007718740689}",1,0.9888407462528657,0.8322557077273729,0.04417693614959717,0.0,0.07829251926274639
False,175,0.21639645099639893,0.0,0.9921874822468457,330,"(4, 15)",0.007560007718740689,"{'batch_size': 330, 'hidden_layer_sizes': (4, 15), 'learning_rate_init': 0.007560007718740689}",1,0.9904170234962253,0.9939579409974661,0.044522881507873535,0.0,0.0017704587506204295
False,176,0.5836899280548096,0.0,0.9919388814326033,73,"(4, 15)",0.004687737037372043,"{'batch_size': 73, 'hidden_layer_sizes': (4, 15), 'learning_rate_init': 0.004687737037372043}",1,0.9900469891836053,0.9938307736816014,0.16638946533203125,0.0,0.0018918922489980505
False,177,0.5043517351150513,0.0,0.9885951092525156,73,"(4, 15)",0.0029920755631029413,"{'batch_size': 73, 'hidden_layer_sizes': (4, 15), 'learning_rate_init': 0.0029920755631029413}",1,0.9861999727766856,0.9909902457283456,0.10508143901824951,0.0,0.0023951364758300064
False,178,0.1991732120513916,0.0,0.9900277849076403,237,"(4, 15)",0.007560007718740689,"{'batch_size': 237, 'hidden_layer_sizes': (4, 15), 'learning_rate_init': 0.007560007718740689}",1,0.9910027946831848,0.989052775132096,0.027287006378173828,0.0,0.0009750097755443776
False,179,0.15233302116394043,0.0,0.9868189830117784,73,"(4, 15)",0.033140558129456224,"{'batch_size': 73, 'hidden_layer_sizes': (4, 15), 'learning_rate_init': 0.033140558129456224}",1,0.9843248133762846,0.9893131526472722,0.011699914932250977,0.0,0.0024941696354937593
False,180,0.42567288875579834,0.0,0.975536178035629,73,"(4, 15, 4)",0.007560007718740689,"{'batch_size': 73, 'hidden_layer_sizes': (4, 15, 4), 'learning_rate_init': 0.007560007718740689}",1,0.9649509247866397,0.9861214312846183,0.20689880847930908,0.0,0.01058525324898929
False,181,0.6603257656097412,0.0,0.9911730784843595,16,"(4, 15)",0.007560007718740689,"{'batch_size': 16, 'hidden_layer_sizes': (4, 15), 'learning_rate_init': 0.007560007718740689}",1,0.9964989016651589,0.9858472553035602,0.08213233947753906,0.0,0.005325823180799327
False,182,0.339796781539917,0.0,0.9907442313054613,73,"(4, 15, 4)",0.007560007718740689,"{'batch_size': 73, 'hidden_layer_sizes': (4, 15, 4), 'learning_rate_init': 0.007560007718740689}",1,0.987959730890825,0.9935287317200973,0.12103009223937988,0.0,0.0027845004146361263
False,183,0.6837422847747803,0.0,0.9897280868269805,18,"(4, 15)",0.007560007718740689,"{'batch_size': 18, 'hidden_layer_sizes': (4, 15), 'learning_rate_init': 0.007560007718740689}",1,0.9901698900217457,0.9892862836322153,0.10555601119995117,0.0,0.00044180319476522234
True,184,0.292629599571228,0.0,0.9948703201544556,78,"(4, 15)",0.007560007718740689,"{'batch_size': 78, 'hidden_layer_sizes': (4, 15), 'learning_rate_init': 0.007560007718740689}",1,0.9963977171078754,0.993342923201036,0.05823695659637451,0.0,0.0015273969534196907
False,185,0.49643146991729736,0.0,0.9941135362990626,78,"(4, 15)",0.004354603491611644,"{'batch_size': 78, 'hidden_layer_sizes': (4, 15), 'learning_rate_init': 0.004354603491611644}",1,0.994042695932637,0.9941843766654882,0.05046999454498291,0.0,7.084036642557301e-05
False,186,0.23734307289123535,0.0,0.993017016251502,192,"(4, 15)",0.007560007718740689,"{'batch_size': 192, 'hidden_layer_sizes': (4, 15), 'learning_rate_init': 0.007560007718740689}",1,0.9932763327764957,0.9927576997265085,0.05148720741271973,0.0,0.00025931652499361363
False,187,0.4258807897567749,0.0,0.9626806232778499,78,"(4, 15, 4)",0.007560007718740689,"{'batch_size': 78, 'hidden_layer_sizes': (4, 15, 4), 'learning_rate_init': 0.007560007718740689}",1,0.9415718892247366,0.9837893573309633,0.12105143070220947,0.0,0.021108734053113365
False,188,0.15236759185791016,0.0,0.9919837441300031,78,"(4, 15)",0.013161697661709057,"{'batch_size': 78, 'hidden_layer_sizes': (4, 15), 'learning_rate_init': 0.013161697661709057}",1,0.9928411882409002,0.9911263000191062,0.011731624603271484,0.0,0.0008574441108969988
False,189,0.19932663440704346,0.0,0.991885697087998,102,"(4, 15)",0.007560007718740689,"{'batch_size': 102, 'hidden_layer_sizes': (4, 15), 'learning_rate_init': 0.007560007718740689}",1,0.9910792981697163,0.9926920960062801,0.04306066036224365,0.0,0.0008063989182818809
False,190,0.29278385639190674,0.0,0.9948602963874775,78,"(4, 15)",0.00832115208318282,"{'batch_size': 78, 'hidden_layer_sizes': (4, 15), 'learning_rate_init': 0.00832115208318282}",1,0.9964652788199161,0.993255313955039,0.004102826118469238,0.0,0.001604982432438562
False,191,0.4035531282424927,0.0,0.9857407176486936,78,"(4, 15, 4)",0.007560007718740689,"{'batch_size': 78, 'hidden_layer_sizes': (4, 15, 4), 'learning_rate_init': 0.007560007718740689}",1,0.9952077121181824,0.9762737231792047,0.0027321577072143555,0.0,0.009466994469488843
False,192,0.15219545364379883,0.0,0.8239727246327895,78,"(1, 15)",0.007560007718740689,"{'batch_size': 78, 'hidden_layer_sizes': (1, 15), 'learning_rate_init': 0.007560007718740689}",1,0.8183719860050285,0.8295734632605507,0.027186870574951172,0.0,0.005600738627761114
False,193,0.16197192668914795,0.0,0.9891211817779418,78,"(4, 15)",0.013535928327347766,"{'batch_size': 78, 'hidden_layer_sizes': (4, 15), 'learning_rate_init': 0.013535928327347766}",1,0.9871268364421175,0.991115527113766,0.0057152509689331055,0.0,0.0019943453358242658
False,194,0.3502509593963623,0.0,0.990890369769006,47,"(4, 15)",0.007560007718740689,"{'batch_size': 47, 'hidden_layer_sizes': (4, 15), 'learning_rate_init': 0.007560007718740689}",1,0.990125729724067,0.9916550098139452,0.040415287017822266,0.0,0.0007646400449390911
False,195,0.357147216796875,0.0,0.9933534277315773,78,"(4, 15)",0.0061565816489862046,"{'batch_size': 78, 'hidden_layer_sizes': (4, 15), 'learning_rate_init': 0.0061565816489862046}",1,0.9942372144749758,0.992469640988179,0.09221291542053223,0.0,0.0008837867433983959
False,196,0.417899489402771,0.0,0.992947771786028,78,"(4, 17)",0.007560007718740689,"{'batch_size': 78, 'hidden_layer_sizes': (4, 17), 'learning_rate_init': 0.007560007718740689}",1,0.9933574736311928,0.9925380699408632,0.08215296268463135,0.0,0.00040970184516475605
False,197,0.24647986888885498,0.0,0.9932650133851741,78,"(12, 15)",0.007560007718740689,"{'batch_size': 78, 'hidden_layer_sizes': (12, 15), 'learning_rate_init': 0.007560007718740689}",1,0.990586613413105,0.9959434133572432,0.003537297248840332,0.0,0.0026783999720690903
False,198,0.3867666721343994,0.0,0.9944045001019687,41,"(4, 15)",0.007560007718740689,"{'batch_size': 41, 'hidden_layer_sizes': (4, 15), 'learning_rate_init': 0.007560007718740689}",1,0.9942788739585815,0.9945301262453559,0.019526243209838867,0.0,0.0001256261433871808
False,199,0.29624080657958984,0.0,0.9919177765411298,112,"(4, 15)",0.007560007718740689,"{'batch_size': 112, 'hidden_layer_sizes': (4, 15), 'learning_rate_init': 0.007560007718740689}",1,0.9937254918575167,0.9901100612247429,0.0774698257446289,0.0,0.0018077153163869042
False,200,0.17611658573150635,0.0,0.993450877001261,78,"(4, 15)",0.014231388503026701,"{'batch_size': 78, 'hidden_layer_sizes': (4, 15), 'learning_rate_init': 0.014231388503026701}",1,0.9918354339525568,0.9950663200499651,0.03059995174407959,0.0,0.0016154430487041462
False,201,0.19111835956573486,0.0,0.9918833083277235,305,"(4, 15)",0.007560007718740689,"{'batch_size': 305, 'hidden_layer_sizes': (4, 15), 'learning_rate_init': 0.007560007718740689}",1,0.9906166359818457,0.9931499806736014,0.019226908683776855,0.0,0.0012666723458778506
False,202,0.23878836631774902,0.0,0.9861142934379546,78,"(4, 15, 4)",0.007560007718740689,"{'batch_size': 78, 'hidden_layer_sizes': (4, 15, 4), 'learning_rate_init': 0.007560007718740689}",1,0.9836913399266006,0.9885372469493086,0.06690025329589844,0.0,0.0024229535113539646
False,203,0.30497074127197266,0.0,0.9853117152217615,78,"(2, 15)",0.007560007718740689,"{'batch_size': 78, 'hidden_layer_sizes': (2, 15), 'learning_rate_init': 0.007560007718740689}",1,0.9857453784251324,0.9848780520183906,0.05492377281188965,0.0,0.00043366320337090425
False,204,0.4573192596435547,0.0,0.9891655759534955,26,"(4, 15)",0.007560007718740689,"{'batch_size': 26, 'hidden_layer_sizes': (4, 15), 'learning_rate_init': 0.007560007718740689}",1,0.991286820967122,0.9870443309398692,0.01148080825805664,0.0,0.0021212450136263716
False,205,0.23833763599395752,0.0,0.9916371178326512,85,"(4, 15)",0.007560007718740689,"{'batch_size': 85, 'hidden_layer_sizes': (4, 15), 'learning_rate_init': 0.007560007718740689}",1,0.9875572828046337,0.9957169528606686,0.03519093990325928,0.0,0.004079835028017453
False,206,0.3398483991622925,0.0,0.989956907560433,78,"(4, 15, 4)",0.007560007718740689,"{'batch_size': 78, 'hidden_layer_sizes': (4, 15, 4), 'learning_rate_init': 0.007560007718740689}",1,0.9892032195281991,0.9907105955926668,0.08982217311859131,0.0,0.0007536880322338568
False,207,0.21687853336334229,0.0,0.9940896396439237,78,"(4, 15)",0.011390930961669397,"{'batch_size': 78, 'hidden_layer_sizes': (4, 15), 'learning_rate_init': 0.011390930961669397}",1,0.994828013314906,0.9933512659729414,0.013737082481384277,0.0,0.0007383736709822841
False,208,0.1677408218383789,0.0,0.9938240218452045,372,"(4, 15)",0.007560007718740689,"{'batch_size': 372, 'hidden_layer_sizes': (4, 15), 'learning_rate_init': 0.007560007718740689}",1,0.9946491982346882,0.9929988454557207,0.004152059555053711,0.0,0.0008251763894837616
False,209,0.24818336963653564,0.0,0.993343135719365,78,"(4, 18)",0.007560007718740689,"{'batch_size': 78, 'hidden_layer_sizes': (4, 18), 'learning_rate_init': 0.007560007718740689}",1,0.9915426260306001,0.9951436454081296,0.0018433332443237305,0.0,0.0018005096887647731
False,210,0.2933804988861084,0.0078089237213134766,0.9778528987968857,78,"(4, 15, 4)",0.007560007718740689,"{'batch_size': 78, 'hidden_layer_sizes': (4, 15, 4), 'learning_rate_init': 0.007560007718740689}",1,0.9924020136678324,0.963303783925939,0.027738094329833984,0.0078089237213134766,0.014549114870946732
False,211,0.20175588130950928,0.0,0.9900659019783631,78,"(4, 15)",0.008159723658819612,"{'batch_size': 78, 'hidden_layer_sizes': (4, 15), 'learning_rate_init': 0.008159723658819612}",1,0.98812328214696,0.9920085218097661,0.04548966884613037,0.0,0.0019426198314030365
False,212,0.22253787517547607,0.007813692092895508,0.9883019861134921,78,"(4, 15, 4)",0.007560007718740689,"{'batch_size': 78, 'hidden_layer_sizes': (4, 15, 4), 'learning_rate_init': 0.007560007718740689}",1,0.9853903003044536,0.9912136719225305,0.06627213954925537,0.007813692092895508,0.0029116858090384445
False,213,0.2152162790298462,0.0,0.9896540142301192,78,"(4, 15)",0.010806061157494449,"{'batch_size': 78, 'hidden_layer_sizes': (4, 15), 'learning_rate_init': 0.010806061157494449}",1,0.9844369036893523,0.9948711247708859,0.012072205543518066,0.0,0.0052171105407667895
False,214,0.3008143901824951,0.0,0.9949963345814027,78,"(10, 15)",0.007560007718740689,"{'batch_size': 78, 'hidden_layer_sizes': (10, 15), 'learning_rate_init': 0.007560007718740689}",1,0.9968014414689038,0.9931912276939018,0.003915071487426758,0.0,0.0018051068875010179
False,215,0.6292194128036499,0.0,0.9932088471227822,78,"(4, 15)",0.0026636671061188197,"{'batch_size': 78, 'hidden_layer_sizes': (4, 15), 'learning_rate_init': 0.0026636671061188197}",1,0.9934472295547884,0.9929704646907762,0.05105173587799072,0.0,0.000238382432006079
False,216,0.21475708484649658,0.007802605628967285,0.9931820363924151,470,"(4, 15)",0.007560007718740689,"{'batch_size': 470, 'hidden_layer_sizes': (4, 15), 'learning_rate_init': 0.007560007718740689}",1,0.9925425817701526,0.9938214910146776,0.027216076850891113,0.007802605628967285,0.000639454622262503
False,217,0.3304281234741211,0.0,0.9934097386130688,55,"(4, 15)",0.007560007718740689,"{'batch_size': 55, 'hidden_layer_sizes': (4, 15), 'learning_rate_init': 0.007560007718740689}",1,0.9903260683471875,0.9964934088789501,0.10352587699890137,0.0,0.0030836702658812998
False,218,0.2775108814239502,0.0,0.9907845385605342,78,"(10, 15)",0.007560007718740689,"{'batch_size': 78, 'hidden_layer_sizes': (10, 15), 'learning_rate_init': 0.007560007718740689}",1,0.9934143545087787,0.9881547226122896,0.027484655380249023,0.0,0.0026298159482445183
False,219,0.2774522304534912,0.007803559303283691,0.9681113891331519,78,"(4, 15, 4)",0.007560007718740689,"{'batch_size': 78, 'hidden_layer_sizes': (4, 15, 4), 'learning_rate_init': 0.007560007718740689}",1,0.944430175295159,0.9917926029711445,0.07428574562072754,0.007803559303283691,0.02368121383799271
False,220,0.24604415893554688,0.0,0.994261211970152,78,"(8, 15)",0.007560007718740689,"{'batch_size': 78, 'hidden_layer_sizes': (8, 15), 'learning_rate_init': 0.007560007718740689}",1,0.9931932866324076,0.9953291373078966,0.003981828689575195,0.0,0.0010679253377445241
False,221,0.42612946033477783,0.007808208465576172,0.9884924721853396,78,"(4, 15)",0.0046327297749285375,"{'batch_size': 78, 'hidden_layer_sizes': (4, 15), 'learning_rate_init': 0.0046327297749285375}",1,0.9919361899814786,0.9850487543892007,0.08956420421600342,0.007808208465576172,0.0034437177961389454
False,222,0.5354064702987671,0.0,0.9939107928043599,78,"(4, 15)",0.0029486734996097036,"{'batch_size': 78, 'hidden_layer_sizes': (4, 15), 'learning_rate_init': 0.0029486734996097036}",1,0.9946231807713557,0.993198404837364,0.04276120662689209,0.0,0.0007123879669958533
False,223,0.09375154972076416,0.0,0.8205161437636751,78,"(1, 15)",0.007560007718740689,"{'batch_size': 78, 'hidden_layer_sizes': (1, 15), 'learning_rate_init': 0.007560007718740689}",1,0.8133421415665063,0.8276901459608436,0.015632033348083496,0.0,0.007174002197168627
False,224,0.31270015239715576,0.0,0.990740335592478,78,"(4, 15, 4)",0.007560007718740689,"{'batch_size': 78, 'hidden_layer_sizes': (4, 15, 4), 'learning_rate_init': 0.007560007718740689}",1,0.9864711064601277,0.9950095647248283,0.0001863241195678711,0.0,0.004269229132350283
False,225,0.23822247982025146,0.0,0.9884264631805676,78,"(4, 15)",0.00855378210295244,"{'batch_size': 78, 'hidden_layer_sizes': (4, 15), 'learning_rate_init': 0.00855378210295244}",1,0.989424266043731,0.9874286603174043,0.0038236379623413086,0.0,0.0009978028631633662
False,226,0.48827826976776123,0.0,0.9670557112986681,78,"(4, 15)",0.003227229506245558,"{'batch_size': 78, 'hidden_layer_sizes': (4, 15), 'learning_rate_init': 0.003227229506245558}",1,0.9425116443347256,0.9915997782626104,0.13676965236663818,0.0,0.0245440669639424
False,227,0.41815507411956787,0.0,0.993474539223942,40,"(4, 15)",0.007560007718740689,"{'batch_size': 40, 'hidden_layer_sizes': (4, 15), 'learning_rate_init': 0.007560007718740689}",1,0.9934406144420985,0.9935084640057853,0.04313504695892334,0.0,3.392478184338632e-05
False,228,0.3010948896408081,0.0,0.9931243452299153,50,"(4, 15)",0.007560007718740689,"{'batch_size': 50, 'hidden_layer_sizes': (4, 15), 'learning_rate_init': 0.007560007718740689}",1,0.9912235173712401,0.9950251730885906,0.019834160804748535,0.0,0.0019008278586752356
False,229,0.12113118171691895,0.0,0.8882145576867977,78,"(2, 15)",0.007560007718740689,"{'batch_size': 78, 'hidden_layer_sizes': (2, 15), 'learning_rate_init': 0.007560007718740689}",1,0.8261800985994122,0.950249016774183,0.01175999641418457,0.0,0.06203445908738542
False,230,0.10318148136138916,0.0,0.9599523935694025,78,"(4, 15)",0.05918955430845927,"{'batch_size': 78, 'hidden_layer_sizes': (4, 15), 'learning_rate_init': 0.05918955430845927}",1,0.9712344550932748,0.9486703320455304,0.009425520896911621,0.0,0.011282061523872178
False,231,0.20730936527252197,0.0,0.9077481064593751,78,"(4, 28)",0.007560007718740689,"{'batch_size': 78, 'hidden_layer_sizes': (4, 28), 'learning_rate_init': 0.007560007718740689}",1,0.9935475496128195,0.8219486633059306,0.05104362964630127,0.0,0.08579944315344447
False,232,0.22266173362731934,0.0,0.9918700712447448,128,"(4, 15)",0.007560007718740689,"{'batch_size': 128, 'hidden_layer_sizes': (4, 15), 'learning_rate_init': 0.007560007718740689}",1,0.9888946607924362,0.9948454816970537,0.019515514373779297,0.0,0.0029754104523087577
False,233,0.2855103015899658,0.007813096046447754,0.9898286532803999,60,"(4, 15)",0.007560007718740689,"{'batch_size': 60, 'hidden_layer_sizes': (4, 15), 'learning_rate_init': 0.007560007718740689}",1,0.9904837840741048,0.9891735224866949,0.05112028121948242,0.007813096046447754,0.0006551307937049389
False,234,0.238633394241333,0.0,0.9854542763011054,78,"(4, 3)",0.007560007718740689,"{'batch_size': 78, 'hidden_layer_sizes': (4, 3), 'learning_rate_init': 0.007560007718740689}",1,0.9832918388892375,0.9876167137129732,0.051126956939697266,0.0,0.0021624374118678347
False,235,0.5820630788803101,0.007812976837158203,0.9770681058340508,78,"(4, 15, 4)",0.007560007718740689,"{'batch_size': 78, 'hidden_layer_sizes': (4, 15, 4), 'learning_rate_init': 0.007560007718740689}",1,0.962842373908511,0.9912938377595905,0.02739584445953369,0.007812976837158203,0.014225731925539721
False,236,0.6217721700668335,0.0,0.9926762417508133,78,"(4, 15)",0.002434540163792392,"{'batch_size': 78, 'hidden_layer_sizes': (4, 15), 'learning_rate_init': 0.002434540163792392}",1,0.9929909304279628,0.9923615530736637,0.090445876121521,0.0,0.00031468867714956605
False,237,0.21478736400604248,0.007813692092895508,0.9907846096522684,83,"(4, 15)",0.007560007718740689,"{'batch_size': 83, 'hidden_layer_sizes': (4, 15), 'learning_rate_init': 0.007560007718740689}",1,0.9887299993064769,0.9928392199980599,0.019631266593933105,0.007813692092895508,0.002054610345791519
False,238,0.5769176483154297,0.0,0.9921652865752094,28,"(4, 15)",0.007560007718740689,"{'batch_size': 28, 'hidden_layer_sizes': (4, 15), 'learning_rate_init': 0.007560007718740689}",1,0.9907764949503755,0.9935540782000434,0.1419084072113037,0.0,0.0013887916248339627
False,239,0.19666004180908203,0.0,0.9925136733331936,388,"(4, 15)",0.007560007718740689,"{'batch_size': 388, 'hidden_layer_sizes': (4, 15), 'learning_rate_init': 0.007560007718740689}",1,0.9947982642568686,0.9902290824095188,0.009120702743530273,0.0,0.0022845909236748896
False,240,0.32421350479125977,0.0,0.989605059744554,44,"(4, 15)",0.007560007718740689,"{'batch_size': 44, 'hidden_layer_sizes': (4, 15), 'learning_rate_init': 0.007560007718740689}",1,0.988416366696017,0.990793752793091,0.003921031951904297,0.0,0.0011886930485370262
False,241,0.2557581663131714,0.0,0.993716078809166,78,"(4, 17)",0.007560007718740689,"{'batch_size': 78, 'hidden_layer_sizes': (4, 17), 'learning_rate_init': 0.007560007718740689}",1,0.9951681965464654,0.9922639610718667,0.04115951061248779,0.0,0.0014521177372993632
False,242,0.33203721046447754,0.007810235023498535,0.9939833795845247,78,"(4, 15)",0.005738746713357088,"{'batch_size': 78, 'hidden_layer_sizes': (4, 15), 'learning_rate_init': 0.005738746713357088}",1,0.9931805358316771,0.9947862233373722,0.07424330711364746,0.007810235023498535,0.0008028437528475596
False,243,0.47259092330932617,0.0,0.9916360990574016,59,"(4, 15)",0.007560007718740689,"{'batch_size': 59, 'hidden_layer_sizes': (4, 15), 'learning_rate_init': 0.007560007718740689}",1,0.993491831422249,0.989780366692554,0.07433557510375977,0.0,0.0018557323648474842
False,244,0.1271202564239502,0.0,0.8284836215315908,78,"(1, 15)",0.007560007718740689,"{'batch_size': 78, 'hidden_layer_sizes': (1, 15), 'learning_rate_init': 0.007560007718740689}",1,0.8187833849819468,0.838183858081235,0.029145479202270508,0.0,0.009700236549644081
False,245,0.23102712631225586,0.0,0.9912535973795744,78,"(4, 27)",0.007560007718740689,"{'batch_size': 78, 'hidden_layer_sizes': (4, 27), 'learning_rate_init': 0.007560007718740689}",1,0.9892747341323693,0.9932324606267797,0.04351019859313965,0.0,0.001978863247205198
False,246,0.1348363161087036,0.0,0.9608611572221746,78,"(4, 15)",0.017323427229479965,"{'batch_size': 78, 'hidden_layer_sizes': (4, 15), 'learning_rate_init': 0.017323427229479965}",1,0.9326503386988715,0.9890719757454776,0.009838461875915527,0.0,0.02821081852330304
False,247,0.2928924560546875,0.007813453674316406,0.9912994854048276,78,"(4, 93)",0.007560007718740689,"{'batch_size': 78, 'hidden_layer_sizes': (4, 93), 'learning_rate_init': 0.007560007718740689}",1,0.9903283260180451,0.9922706447916101,0.08216738700866699,0.007813453674316406,0.0009711593867824941
False,248,0.3945956230163574,0.0,0.9921641602472592,78,"(4, 15)",0.0053479804722443396,"{'batch_size': 78, 'hidden_layer_sizes': (4, 15), 'learning_rate_init': 0.0053479804722443396}",1,0.9875071761609718,0.9968211443335462,0.05080866813659668,0.0,0.004656984086287175
False,249,0.2694047689437866,0.0,0.9919483648813726,71,"(4, 15)",0.007560007718740689,"{'batch_size': 71, 'hidden_layer_sizes': (4, 15), 'learning_rate_init': 0.007560007718740689}",1,0.9922893976557535,0.9916073321069914,0.019378066062927246,0.0,0.00034103277438107815
False,250,0.19910192489624023,0.0,0.9926049543909959,137,"(4, 15)",0.007560007718740689,"{'batch_size': 137, 'hidden_layer_sizes': (4, 15), 'learning_rate_init': 0.007560007718740689}",1,0.9934041931220214,0.9918057156599704,0.02718973159790039,0.0,0.0007992387310254978
False,251,0.5824637413024902,0.007812023162841797,0.9931536669875725,18,"(4, 15)",0.007560007718740689,"{'batch_size': 18, 'hidden_layer_sizes': (4, 15), 'learning_rate_init': 0.007560007718740689}",1,0.9934205438311673,0.9928867901439774,0.011351585388183594,0.007812023162841797,0.0002668768435949431
False,252,0.16015982627868652,0.0,0.9915618408526301,78,"(4, 15)",0.011806754779081387,"{'batch_size': 78, 'hidden_layer_sizes': (4, 15), 'learning_rate_init': 0.011806754779081387}",1,0.9932721244215457,0.9898515572837149,0.05078125,0.0,0.001710283568915394
False,253,0.331950306892395,0.0,0.9910383471373454,78,"(4, 15, 4)",0.007560007718740689,"{'batch_size': 78, 'hidden_layer_sizes': (4, 15, 4), 'learning_rate_init': 0.007560007718740689}",1,0.9898852683292646,0.9921914259454261,0.02746260166168213,0.0,0.001153078808080743
False,254,1.0358058214187622,0.0,0.9898900716043372,12,"(4, 15)",0.007560007718740689,"{'batch_size': 12, 'hidden_layer_sizes': (4, 15), 'learning_rate_init': 0.007560007718740689}",1,0.9899153153204754,0.9898648278881989,0.2612067461013794,0.0,2.5243716138267924e-05
False,255,0.3319377899169922,0.0,0.9925050332607014,78,"(4, 15, 4)",0.007560007718740689,"{'batch_size': 78, 'hidden_layer_sizes': (4, 15, 4), 'learning_rate_init': 0.007560007718740689}",1,0.9943725005966224,0.9906375659247801,0.011841297149658203,0.0,0.0018674673359211358
False,256,0.24243438243865967,0.0,0.9910697249301218,78,"(4, 15)",0.008809267262188628,"{'batch_size': 78, 'hidden_layer_sizes': (4, 15), 'learning_rate_init': 0.008809267262188628}",1,0.9950626943799247,0.9870767554803189,0.07054054737091064,0.0,0.0039929694498028745
False,257,0.3716285228729248,0.015619158744812012,0.9910672292223666,78,"(4, 15, 4)",0.007560007718740689,"{'batch_size': 78, 'hidden_layer_sizes': (4, 15, 4), 'learning_rate_init': 0.007560007718740689}",1,0.993663428226971,0.9884710302177623,0.1284317970275879,7.271766662597656e-06,0.002596199004604338
False,258,0.37118732929229736,0.0,0.9949538183412183,57,"(4, 15)",0.007560007718740689,"{'batch_size': 57, 'hidden_layer_sizes': (4, 15), 'learning_rate_init': 0.007560007718740689}",1,0.9921887204580789,0.9977189162243576,0.128867506980896,0.0,0.0027650978831393336
False,259,0.17947006225585938,0.0,0.9794331276839111,78,"(4, 15, 4)",0.007560007718740689,"{'batch_size': 78, 'hidden_layer_sizes': (4, 15, 4), 'learning_rate_init': 0.007560007718740689}",1,0.9902766107257753,0.968589644642047,0.040374755859375,0.0,0.010843483041864166
False,260,0.23091983795166016,0.0,0.9935443062668706,78,"(4, 15)",0.01186709202022168,"{'batch_size': 78, 'hidden_layer_sizes': (4, 15), 'learning_rate_init': 0.01186709202022168}",1,0.9927435908796827,0.9943450216540585,0.019126415252685547,0.0,0.0008007153871879003
False,261,0.3505673408508301,0.0,0.9947377343775688,42,"(4, 15)",0.007560007718740689,"{'batch_size': 42, 'hidden_layer_sizes': (4, 15), 'learning_rate_init': 0.007560007718740689}",1,0.9915108183473025,0.9979646504078352,0.024471521377563477,0.0,0.003226916030266369
False,262,0.23066389560699463,0.0,0.9942893658389367,78,"(4, 15)",0.008192983889256445,"{'batch_size': 78, 'hidden_layer_sizes': (4, 15), 'learning_rate_init': 0.008192983889256445}",1,0.9941010391254179,0.9944776925524553,0.0037287473678588867,0.0,0.000188326713518705
False,263,1.037168264389038,0.007809877395629883,0.9900125723285357,78,"(4, 15)",0.0009157339389606908,"{'batch_size': 78, 'hidden_layer_sizes': (4, 15), 'learning_rate_init': 0.0009157339389606908}",1,0.9870616400836143,0.9929635045734572,0.05669665336608887,0.007809877395629883,0.002950932244921434
False,264,0.29317259788513184,0.0,0.992682751375246,78,"(19, 15)",0.007560007718740689,"{'batch_size': 78, 'hidden_layer_sizes': (19, 15), 'learning_rate_init': 0.007560007718740689}",1,0.9940603212606071,0.9913051814898849,0.04316401481628418,0.0,0.0013775698853610852
False,265,0.40238869190216064,0.0,0.9915336555885941,39,"(4, 15)",0.007560007718740689,"{'batch_size': 39, 'hidden_layer_sizes': (4, 15), 'learning_rate_init': 0.007560007718740689}",1,0.9955973012503793,0.9874700099268089,0.03515779972076416,0.0,0.004063645661785187
False,266,0.1444854736328125,0.0,0.980416395405501,78,"(4, 4)",0.007560007718740689,"{'batch_size': 78, 'hidden_layer_sizes': (4, 4), 'learning_rate_init': 0.007560007718740689}",1,0.9869570490133328,0.973875741797669,0.04302811622619629,0.0,0.006540653607831903
False,267,0.19897890090942383,0.0,0.9925548943458216,326,"(4, 15)",0.007560007718740689,"{'batch_size': 326, 'hidden_layer_sizes': (4, 15), 'learning_rate_init': 0.007560007718740689}",1,0.9902492493986729,0.9948605392929706,0.01143956184387207,0.0,0.002305644947148855
False,268,0.2071141004562378,0.0,0.9877900600160796,78,"(4, 15)",0.013558630362697747,"{'batch_size': 78, 'hidden_layer_sizes': (4, 15), 'learning_rate_init': 0.013558630362697747}",1,0.9909010998180418,0.9846790202141174,0.019629597663879395,0.0,0.003111039801962201
False,269,0.38662874698638916,0.0,0.9089146544480061,78,"(4, 15)",0.0022433322603013957,"{'batch_size': 78, 'hidden_layer_sizes': (4, 15), 'learning_rate_init': 0.0022433322603013957}",1,0.8233046506041515,0.9945246582918608,0.16032373905181885,0.0,0.08561000384385464
False,270,0.3869842290878296,0.0,0.9926643435458713,50,"(4, 15)",0.007560007718740689,"{'batch_size': 50, 'hidden_layer_sizes': (4, 15), 'learning_rate_init': 0.007560007718740689}",1,0.9913815599145288,0.9939471271772138,0.027564644813537598,0.0,0.0012827836313424879
False,271,0.4413328170776367,0.0,0.9714254993079292,78,"(4, 15, 4)",0.007560007718740689,"{'batch_size': 78, 'hidden_layer_sizes': (4, 15, 4), 'learning_rate_init': 0.007560007718740689}",1,0.9555985483491164,0.9872524502667421,0.1287999153137207,0.0,0.01582695095881287
False,272,0.18359112739562988,0.0,0.888195726914858,78,"(3, 15)",0.007560007718740689,"{'batch_size': 78, 'hidden_layer_sizes': (3, 15), 'learning_rate_init': 0.007560007718740689}",1,0.8210992245129642,0.9552922293167517,0.12108993530273438,0.0,0.06709650240189374
False,273,0.25392019748687744,0.00780177116394043,0.9921709703192501,102,"(4, 15)",0.007560007718740689,"{'batch_size': 102, 'hidden_layer_sizes': (4, 15), 'learning_rate_init': 0.007560007718740689}",1,0.9947407099829509,0.9896012306555488,0.0038744211196899414,0.00780177116394043,0.002569739663701054
False,274,0.3633427619934082,0.0,0.9952072012075938,78,"(4, 15, 4)",0.007560007718740689,"{'batch_size': 78, 'hidden_layer_sizes': (4, 15, 4), 'learning_rate_init': 0.007560007718740689}",1,0.9955263714976986,0.9948880309174889,0.011703252792358398,0.0,0.0003191702901048643
False,275,0.24640631675720215,0.007813334465026855,0.9890640125876573,124,"(4, 15)",0.007560007718740689,"{'batch_size': 124, 'hidden_layer_sizes': (4, 15), 'learning_rate_init': 0.007560007718740689}",1,0.9867394455769983,0.9913885795983162,0.0035936832427978516,0.007813334465026855,0.002324567010658918
False,276,0.33208930492401123,0.0,0.994178653457538,71,"(4, 15)",0.007560007718740689,"{'batch_size': 71, 'hidden_layer_sizes': (4, 15), 'learning_rate_init': 0.007560007718740689}",1,0.9924092693690529,0.9959480375460231,0.01953589916229248,0.0,0.001769384088485093
False,277,0.21468234062194824,0.007811784744262695,0.9902686129977485,198,"(4, 15)",0.007560007718740689,"{'batch_size': 198, 'hidden_layer_sizes': (4, 15), 'learning_rate_init': 0.007560007718740689}",1,0.9948682333560986,0.9856689926393982,0.0041179656982421875,0.007811784744262695,0.004599620358350209
False,278,0.12863528728485107,0.0,0.9726415299627541,175,"(4, 15)",0.007560007718740689,"{'batch_size': 175, 'hidden_layer_sizes': (4, 15), 'learning_rate_init': 0.007560007718740689}",1,0.952723755539681,0.992559304385827,0.019261717796325684,0.0,0.019917774423072965
False,279,0.5831799507141113,0.0,0.9915000705415092,19,"(4, 15)",0.007560007718740689,"{'batch_size': 19, 'hidden_layer_sizes': (4, 15), 'learning_rate_init': 0.007560007718740689}",1,0.9928064062917376,0.9901937347912806,0.19815540313720703,0.0,0.0013063357502284823
False,280,0.22303664684295654,0.0,0.8879999725453683,78,"(2, 15)",0.007560007718740689,"{'batch_size': 78, 'hidden_layer_sizes': (2, 15), 'learning_rate_init': 0.007560007718740689}",1,0.8258187576897364,0.9501811874010001,0.06676828861236572,0.0,0.06218121485563183
False,281,0.3166435956954956,0.0,0.9944016738502942,84,"(4, 15)",0.007560007718740689,"{'batch_size': 84, 'hidden_layer_sizes': (4, 15), 'learning_rate_init': 0.007560007718740689}",1,0.9954233195007488,0.9933800281998398,0.004116654396057129,0.0,0.0010216456504544837
False,282,0.9691553115844727,0.0,0.9728644588203766,78,"(4, 15)",0.0006153519940178533,"{'batch_size': 78, 'hidden_layer_sizes': (4, 15), 'learning_rate_init': 0.0006153519940178533}",1,0.981535386126039,0.9641935315147142,0.32009124755859375,0.0,0.00867092730566238
False,283,0.27718114852905273,0.0,0.9928452304218157,92,"(4, 15)",0.007560007718740689,"{'batch_size': 92, 'hidden_layer_sizes': (4, 15), 'learning_rate_init': 0.007560007718740689}",1,0.9913064832438215,0.9943839775998098,0.027135133743286133,0.0,0.0015387471779941264
False,284,0.2774256467819214,0.007803678512573242,0.9946223594464478,105,"(4, 15)",0.007560007718740689,"{'batch_size': 105, 'hidden_layer_sizes': (4, 15), 'learning_rate_init': 0.007560007718740689}",1,0.9935757442861533,0.9956689746067424,0.058632493019104004,0.007803678512573242,0.001046615160294584
False,285,0.4099651575088501,0.0,0.9829715661982206,78,"(4, 15, 4)",0.007560007718740689,"{'batch_size': 78, 'hidden_layer_sizes': (4, 15, 4), 'learning_rate_init': 0.007560007718740689}",1,0.9729644668791659,0.9929786655172751,0.11305797100067139,0.0,0.01000709931905458
False,286,0.22252094745635986,0.0,0.988997779517782,159,"(4, 15)",0.007560007718740689,"{'batch_size': 159, 'hidden_layer_sizes': (4, 15), 'learning_rate_init': 0.007560007718740689}",1,0.9920537855418012,0.985941773493763,0.0037544965744018555,0.0,0.0030560060240191205
False,287,0.3632704019546509,0.0,0.9928878403872619,58,"(4, 15)",0.007560007718740689,"{'batch_size': 58, 'hidden_layer_sizes': (4, 15), 'learning_rate_init': 0.007560007718740689}",1,0.9924849638844675,0.9932907168900564,0.07427585124969482,0.0,0.0004028765027944692
False,288,0.2620202302932739,0.0,0.9916369121537864,78,"(6, 15)",0.007560007718740689,"{'batch_size': 78, 'hidden_layer_sizes': (6, 15), 'learning_rate_init': 0.007560007718740689}",1,0.9909938152433618,0.9922800090642108,0.011994242668151855,0.0,0.0006430969104244677
False,289,0.26163387298583984,0.007800102233886719,0.9923204910357303,78,"(4, 15)",0.006812054261847551,"{'batch_size': 78, 'hidden_layer_sizes': (4, 15), 'learning_rate_init': 0.006812054261847551}",1,0.9917598249419434,0.9928811571295172,0.019652128219604492,0.007800102233886719,0.0005606660937869101
False,290,0.43416786193847656,0.0,0.9787676130817643,13,"(4, 15)",0.007560007718740689,"{'batch_size': 13, 'hidden_layer_sizes': (4, 15), 'learning_rate_init': 0.007560007718740689}",1,0.9906754486959968,0.9668597774675319,0.003378629684448242,0.0,0.01190783561423242
False,291,0.27730607986450195,0.0,0.9723447707839865,78,"(4, 4)",0.007560007718740689,"{'batch_size': 78, 'hidden_layer_sizes': (4, 4), 'learning_rate_init': 0.007560007718740689}",1,0.9862707194874409,0.9584188220805322,0.05853390693664551,0.0,0.013925948703454373
False,292,0.20700287818908691,0.0,0.9914955190099135,158,"(4, 15)",0.007560007718740689,"{'batch_size': 158, 'hidden_layer_sizes': (4, 15), 'learning_rate_init': 0.007560007718740689}",1,0.9924393007817572,0.9905517372380701,0.03511309623718262,0.0,0.000943781771843566
False,293,0.37164103984832764,0.0,0.9912321657848397,78,"(4, 15)",0.006143089547182821,"{'batch_size': 78, 'hidden_layer_sizes': (4, 15), 'learning_rate_init': 0.006143089547182821}",1,0.9889603677742529,0.9935039637954266,0.04350697994232178,0.0,0.0022717980105868563
False,294,0.2542189359664917,0.0,0.9894234016406283,78,"(4, 20)",0.007560007718740689,"{'batch_size': 78, 'hidden_layer_sizes': (4, 20), 'learning_rate_init': 0.007560007718740689}",1,0.9901366604096028,0.9887101428716537,0.1135784387588501,0.0,0.0007132587689745451
False,295,0.1685349941253662,0.0,0.9913373580845278,201,"(4, 15)",0.007560007718740689,"{'batch_size': 201, 'hidden_layer_sizes': (4, 15), 'learning_rate_init': 0.007560007718740689}",1,0.9930076696379444,0.9896670465311111,0.03834795951843262,0.0,0.0016703115534166257
False,296,0.27186834812164307,0.0,0.9943393815449657,78,"(10, 15)",0.007560007718740689,"{'batch_size': 78, 'hidden_layer_sizes': (10, 15), 'learning_rate_init': 0.007560007718740689}",1,0.9953710505421893,0.9933077125477422,0.06872117519378662,0.0,0.001031668997223567
False,297,0.15216243267059326,0.0,0.9635049245521421,78,"(4, 15)",0.015198510473052125,"{'batch_size': 78, 'hidden_layer_sizes': (4, 15), 'learning_rate_init': 0.015198510473052125}",1,0.943391078850689,0.9836187702535952,0.004066109657287598,0.0,0.020113845701453137
False,298,0.9178503751754761,0.007813334465026855,0.98459385241309,78,"(4, 15)",0.0011721138464519155,"{'batch_size': 78, 'hidden_layer_sizes': (4, 15), 'learning_rate_init': 0.0011721138464519155}",1,0.9819611900389139,0.9872265147872662,0.027130961418151855,0.007813334465026855,0.0026326623741761424
True,299,0.18360257148742676,0.0,0.9961630999972454,78,"(4, 15)",0.015228938999506872,"{'batch_size': 78, 'hidden_layer_sizes': (4, 15), 'learning_rate_init': 0.015228938999506872}",1,0.9942522042099478,0.9980739957845433,0.011704444885253906,0.0,0.0019108957872977506
